Mitjana,Varian√ßa,Desviacio,GradientMag,Deteccio
123.453776041667,1402.13410073138,35.9229777609775,79270.6488828573,"Ulls"
129.551432291667,1096.74621841755,30.815331917173,92474.6182605033,"Ulls"
76.9954427083333,1259.85872395833,34.2404746772883,111366.693157364,"Ulls"
120.326171875,1334.58046597961,34.4251878943235,98692.0857878832,"Ulls"
102.210286458333,808.51835383422,27.2272965817425,92887.2131075125,"Ulls"
89.955078125,890.525085882092,29.3501771924725,98039.7697147841,"Ulls"
99.0865885416667,1146.26284075798,33.2377536893848,109808.089859119,"Ulls"
131.948567708333,2162.31675254876,46.1354769142686,100766.856211069,"Ulls"
102.607421875,960.368392619681,29.1680610911352,111307.60379261,"Ulls"
122.370442708333,1175.27677582004,32.620548954037,95470.7849023658,"Ulls"
133.868489583333,1302.07884530142,34.2632230299559,104952.673135791,"Ulls"
135.067708333333,1957.82668439716,43.3475000924751,89761.5977472793,"Ulls"
143.578776041667,1134.54209607713,31.153075335235,101043.649625288,"Ulls"
118.421223958333,1044.29381371897,30.6845067573912,68990.3893751035,"Ulls"
122.10546875,1390.49562278369,35.3621565001488,94606.3488925163,"Ulls"
174.607421875,2976.59794714096,50.1854118453878,117958.387353781,"Ulls"
114.337239583333,1052.70775155142,32.1440335770745,93053.1021036223,"Ulls"
113.84375,839.248891843972,27.2941225455631,86118.5657560776,"Ulls"
104.544270833333,1095.09546764184,31.8380932922846,100433.150015557,"Ulls"
124.077473958333,1497.75436336436,38.0721553102197,109180.847007228,"Ulls"
76.6920572916667,1616.54234541223,40.1130370113499,116907.175227891,"Ulls"
105.831380208333,1350.57595024379,35.5584043659072,102242.283947225,"Ulls"
21.4850260416667,484.295559064716,17.4379298949867,40673.5693172409,"Ulls"
79.7233072916667,1027.84537067819,31.1861580675378,70870.3913637233,"Ulls"
119.985677083333,1431.59097960993,35.1641968235179,84437.6119401444,"Ulls"
130.508463541667,1282.7246924867,35.3456443567328,117530.185146111,"Ulls"
76.49609375,1015.95401152482,29.3915756370894,94341.1356589712,"Ulls"
105.440755208333,1490.49693871897,37.2531631554904,98342.0428347909,"Ulls"
129.807291666667,1158.15176196809,33.1821068664272,92651.8091387739,"Ulls"
109.962890625,1273.12994514628,35.3669857309322,116347.055974756,"Ulls"
138.432942708333,1552.03885472074,37.9338265101424,92080.1229931147,"Ulls"
165.912760416667,1328.0429410461,35.1842679724428,93418.1775361195,"Ulls"
80.0130208333333,1690.42245678192,38.5834608771056,122831.906068516,"Ulls"
139.100911458333,1737.23269891401,40.4148972999374,104471.704082669,"Ulls"
95.392578125,1120.91294049202,32.3909458736745,117588.034154804,"Ulls"
143.768880208333,1916.6661818484,41.0738222089105,112881.565983574,"Ulls"
110.225260416667,1559.95883200355,39.103090098324,105983.222512175,"Ulls"
126.01953125,975.076573581561,29.7174026786408,90492.9826970025,"Ulls"
128.487630208333,1838.52608322252,40.9858781862772,118159.521860984,"Ulls"
126.768880208333,1333.25732768174,35.4096190089454,96878.3738988507,"Ulls"
138.389322916667,2050.84067486702,44.9265255480384,114301.138840015,"Ulls"
105.147135416667,996.926667774823,30.195549796493,99435.6022239582,"Ulls"
124.663411458333,1691.2638103945,39.9159670584674,103837.839224597,"Ulls"
138.243489583333,1333.10616134752,33.773804298955,109559.724230627,"Ulls"
137.440755208333,2275.33512023493,43.3624092157936,109205.927798808,"Ulls"
118.237630208333,1177.17546265514,32.2657503688424,101700.069414194,"Ulls"
128.264322916667,1602.43514516844,39.0492957381476,123655.403109365,"Ulls"
116.735026041667,966.275473736702,29.0323630848311,86988.3238776143,"Ulls"
113.4375,1387.01357491135,36.2796479355077,105389.706885078,"Ulls"
110.436848958333,1554.65485095301,39.1235114524324,137921.035242945,"Ulls"
126.611979166667,1055.9412400266,31.5355096599597,101089.445647855,"Ulls"
78.7291666666667,1840.16940935284,41.2610522892367,132730.418494735,"Ulls"
116.916666666667,1409.71617353723,36.3936205885262,84754.7431182336,"Ulls"
101.729817708333,1134.21757258422,33.3895370135802,89815.6196141668,"Ulls"
150.944661458333,653.723141068262,23.208329758711,67424.7720186781,"Ulls"
145.763671875,971.788633089539,26.6952231894843,70845.7405733383,"Ulls"
120.554036458333,771.947542664007,27.4287433328913,98531.3115412386,"Ulls"
133.889973958333,1234.2403174867,34.3285764343138,101531.480946657,"Ulls"
118.108723958333,1217.2401512633,34.0763372950234,106404.757188027,"Ulls"
125.46484375,1350.77191378546,36.4196069644926,108041.879609936,"Ulls"
133.734375,2216.8322251773,46.7860660669562,101502.777105194,"Ulls"
122.928385416667,1420.74299091312,37.1862606937235,117615.562072256,"Ulls"
123.389973958333,1912.25455729167,42.4661874856333,143723.364488262,"Ulls"
160.571614583333,1284.78626440603,30.4235820593927,81220.2673266248,"Ulls"
137.982421875,1783.30001939273,41.7535437712463,103592.752374222,"Ulls"
137.732421875,1902.80024102394,42.4320794296986,82745.6928890293,"Ulls"
78.5846354166667,1405.7265070922,36.8205960822015,124062.672925692,"Ulls"
137.630208333333,1951.52066710993,42.8732644896799,97048.8934277585,"Ulls"
100.078776041667,1161.22264239805,33.0020331902341,114314.559105691,"Ulls"
117.557942708333,1171.05990968528,33.4613709156658,88247.8545536891,"Ulls"
101.305989583333,1191.40037677305,34.087567842962,97672.5300969553,"Ulls"
131.37109375,1608.86558067376,39.6407016452548,91889.0334655315,"Ulls"
139.141927083333,646.044824911347,23.8977693953134,67066.8170758601,"Ulls"
146.610677083333,1677.96232269503,40.0425709035183,143088.357631138,"Ulls"
125.229166666667,1200.85261524823,33.4948700701053,98550.5562284787,"Ulls"
135.80078125,1810.23659131206,41.6250037116205,106527.399661224,"Ulls"
151.399739583333,2596.09217087766,49.7946426012747,114764.263562313,"Ulls"
127.979166666667,853.135804521276,27.8260167009065,82781.9307236569,"Ulls"
139.307942708333,1021.86312887855,31.7317206548254,100518.783371275,"Ulls"
169.452473958333,1073.17651540337,26.7869816369535,77049.7260778996,"Ulls"
154.017578125,1054.07860981826,31.9738456924774,92185.6488250636,"Ulls"
107.037109375,1253.10678468528,33.5481799712292,101778.017639638,"Ulls"
83.0442708333333,1758.71348625887,41.2207156579095,108844.480265585,"Ulls"
120.04296875,710.579537898936,24.1539412664857,73970.5194269189,"Ulls"
119.82421875,1001.12771498227,30.9279794353421,91488.998101911,"Ulls"
88.453125,1475.31211214539,38.2200461490745,72115.6685877905,"Ulls"
101.550130208333,612.280986812943,24.2644279764525,78230.1469422657,"Ulls"
67.7376302083333,997.744057513298,31.4785749174067,84255.2978537364,"Ulls"
109.16796875,1074.8517564273,31.5994081244284,96618.8101830529,"Ulls"
138.616536458333,1931.5880568484,41.9824460696778,112817.752400636,"Ulls"
118.553385416667,1701.02451795213,40.3606752649406,78609.1506654214,"Ulls"
172.967447916667,1418.00434951241,32.8456334109361,93901.8857192631,"Ulls"
115.79296875,1536.45196143617,38.0862843428752,116380.792994619,"Ulls"
129.544921875,757.981950908688,26.8566301800643,81270.8250851924,"Ulls"
101.993489583333,1794.54194370567,41.8877619788938,126975.721850428,"Ulls"
70.515625,931.152842420213,29.1743304671509,70487.3992473396,"Ulls"
160.731770833333,1278.31396830674,34.4236779898257,106761.238939144,"Ulls"
132.901692708333,1159.65285627216,33.704541970246,91851.5813607421,"Ulls"
88.68359375,713.163757757092,26.0455468337916,75052.0287479088,"Ulls"
139.884114583333,877.603390957447,28.9361208700577,103402.476273812,"Ulls"
167.40234375,1934.25279809397,39.6344197757783,106966.906312136,"Ulls"
140.698567708333,1444.13991855053,37.7301519282421,110070.570267898,"Ulls"
99.0208333333333,1433.6013962766,37.5376280602757,101341.37440331,"Ulls"
86.029296875,670.186433399823,25.0368034563382,75763.3453983112,"Ulls"
180.632161458333,2599.47893118351,44.9247588111588,102714.31940988,"Ulls"
119.261067708333,1913.92995068706,42.8659193610402,100835.940069407,"Ulls"
119.146484375,1325.5215120789,36.2020285340632,117392.529440463,"Ulls"
94.939453125,1450.82450964096,37.9584970896665,73295.4959890748,"Ulls"
128.244140625,1518.95167054521,37.772301611742,94766.3078493696,"Ulls"
86.529296875,1391.40451850621,37.0856968155029,82757.4601171174,"Ulls"
105.642578125,1062.34232324911,30.0212968176917,86008.098167873,"Ulls"
135.337890625,2026.44590813387,42.8996413537518,111980.017042632,"Ulls"
78.6451822916667,1366.39099900266,36.8192456576088,97602.7587691901,"Ulls"
88.890625,1881.71947030142,43.0886587834672,85257.3282609433,"Ulls"
99.5735677083333,1123.75713375443,32.7045417646195,106885.151449257,"Ulls"
124.69921875,1613.72537123227,39.7104516734575,87755.1367441396,"Ulls"
75.6653645833333,1145.48462433511,33.0959036936741,80364.2598032198,"Ulls"
94.0397135416667,1182.59628490692,33.3788004171254,97060.7873280538,"Ulls"
106.544270833333,1078.22401374113,32.5156093820398,92433.5023362619,"Ulls"
40.2552083333333,814.624722960993,23.3413615104307,79387.3120518238,"Ulls"
83.4303385416667,352.65196974734,18.2785564715767,59578.0293898048,"Ulls"
144.143880208333,1668.28569647606,38.1641177668613,95207.8293869835,"Ulls"
179.310546875,1761.17452072252,39.128723269511,119644.854423263,"Ulls"
138.505859375,1591.94419049202,39.4156197295613,113560.748987609,"Ulls"
129.834635416667,1131.63364361702,32.7069192757049,109490.496971723,"Ulls"
156.888020833333,1210.37962655142,34.3125474346784,103366.23171332,"Ulls"
146.966145833333,2672.49069148936,51.537710779478,106495.937094779,"Ulls"
131.133463541667,1197.9314744016,32.7454900107358,89425.2366110524,"Ulls"
114.462239583333,1766.0939162234,41.5991979649558,110898.256016726,"Ulls"
147.3046875,882.118046320922,28.3613838738316,97859.7611530824,"Ulls"
134.580078125,872.606867796986,29.2172743203414,103828.147947572,"Ulls"
94.5833333333333,869.922152039007,29.1304320943093,90268.3011865968,"Ulls"
57.1888020833333,443.448914007092,20.6310669370883,60782.8593392852,"Ulls"
121.542317708333,1997.96917941046,43.0908500490128,91215.656716955,"Ulls"
157.60546875,1702.45547983156,37.9323754765104,95062.1591281953,"Ulls"
101.217447916667,834.793689051418,28.5540151857386,85269.9663777551,"Ulls"
132.541666666667,1521.9725454344,38.2228808380707,86179.3728898143,"Ulls"
106.979817708333,955.713333887411,29.7568429890985,85087.7743595868,"Ulls"
140.12890625,828.025265957447,26.4423618509288,79825.4509957715,"Ulls"
108.897786458333,1624.30364860372,39.5259699257224,95628.0822272956,"Ulls"
133.5234375,2129.60255984043,45.8479304510845,93557.613803783,"Ulls"
64.8509114583333,1369.17837156472,33.7041640292817,100209.999955348,"Ulls"
101.139973958333,1031.15316101507,31.3681992138695,92458.9259301748,"Ulls"
79.5397135416667,487.533092309397,20.9104664226951,59309.4737556756,"Ulls"
146.880208333333,1080.20974623227,31.9048885317092,98545.0446163362,"Ulls"
71.5514322916667,511.037995899823,22.1677055008967,76635.5922986373,"Ulls"
71.7467447916667,724.08866633422,26.868222315953,87674.0992297667,"Ulls"
119.442708333333,1827.71068816489,42.1586570818687,118369.286150172,"Ulls"
53.3450520833333,1096.88056848404,32.5445070945942,56713.3888000955,"Ulls"
94.783203125,2446.15404753989,49.2291302797495,81132.2159686997,"Ulls"
130.145833333333,1494.94736258865,38.0622545657506,122221.314706202,"Ulls"
99.1451822916667,2100.66704066933,45.714685033284,93074.1158406363,"Ulls"
157.916015625,1572.48436114805,36.3194245175822,93947.1436589171,"Ulls"
126.02734375,1380.0898714539,36.1135240688577,77092.3682563619,"Ulls"
82.6484375,1136.55125221631,33.4132351209599,61137.3196041285,"Ulls"
118.885416666667,1616.35657690603,37.9182339058088,103397.983731415,"Ulls"
78.8821614583333,712.844567265071,26.3471781658248,77135.9019345498,"Ulls"
171.352864583333,997.607297207447,30.5049689994743,89950.8006317753,"Ulls"
138.206380208333,937.077418550532,28.948392404995,95544.1370410298,"Ulls"
124.362630208333,1052.85523326684,30.3929121557,95410.8647068077,"Ulls"
148.5234375,2911.86998559397,52.3008514209502,106677.980941612,"Ulls"
107.453776041667,937.390334109043,29.4768734934791,66239.6514839125,"Ulls"
172.572916666667,2845.22553745567,50.7715068153942,147184.646510839,"Ulls"
137.106119791667,1214.46989971188,33.0472552302388,103644.028425287,"Ulls"
117.051432291667,1933.34401318706,42.9386628566671,134221.191093037,"Ulls"
100.438151041667,796.974747894503,26.3837574519959,83264.6210104247,"Ulls"
171.539713541667,802.833180961879,24.5900079525213,76137.738281004,"Ulls"
123.444661458333,1610.42150099734,38.6535808290755,117181.878903812,"Ulls"
109.876302083333,291.873781028369,16.8035348272127,54686.5829665356,"Ulls"
115.98046875,2012.64536236702,44.678651280366,86505.0698614208,"Ulls"
136.988932291667,913.543204233156,29.5232701017917,83370.5940772219,"Ulls"
127.306640625,904.958458000886,28.9317712846441,85597.8212312433,"Ulls"
119.397135416667,1139.69797207447,32.8331434743484,102711.548377971,"Ulls"
120.580078125,1327.1700326906,34.9096318627144,102009.285631699,"Ulls"
125.2890625,1202.2539893617,32.4958888918028,98745.7479419552,"Ulls"
136.553385416667,1366.34222628546,35.3014266466336,83546.3347332917,"Ulls"
79.52734375,1153.61366910461,33.5390403424648,85460.478919626,"Ulls"
108.143880208333,2780.84132590869,52.4629963628124,119615.324207565,"Ulls"
93.6458333333333,1088.02994791667,32.5622355508555,90909.742536537,"Ulls"
112.299479166667,1654.68459109043,39.8499328436854,102055.046426373,"Ulls"
114.654296875,1199.6152897828,33.4029616754574,88965.3919855345,"Ulls"
123.879557291667,945.462198027482,30.102788211892,79004.4811188,"Ulls"
138.298828125,1325.80323304521,34.3978425103124,109490.641252527,"Ulls"
74.619140625,1460.57885915337,37.6698513464562,101510.213201484,"Ulls"
98.611328125,488.674077460106,21.2275539058151,51350.9420020624,"Ulls"
119.833984375,1740.23904310727,41.5473687821838,83443.8618052754,"Ulls"
117.104817708333,1410.17321863918,36.723035084739,90512.7758429841,"Ulls"
112.897786458333,1683.12385028812,40.7727791210118,96438.9018764462,"Ulls"
115.0234375,1279.27784242021,35.6505976357065,98312.0981890924,"Ulls"
124.454427083333,1255.49174423759,34.9421014904045,106405.491713313,"Ulls"
103.735677083333,1703.45016068262,40.4831860968441,85875.6020196709,"Ulls"
139.25390625,1801.83006427305,40.8887570250036,95758.5759764468,"Ulls"
131.091145833333,1585.80989583333,38.8185356515491,106086.279308857,"Ulls"
125.84765625,1491.49578900709,38.5112402512166,98563.8212017497,"Ulls"
112.072916666667,1815.08311170213,42.3798796376954,76783.9648395882,"Ulls"
157.381510416667,1576.77828568262,38.2207218406748,116501.705914936,"Ulls"
88.7447916666667,777.016179078014,26.9260664148146,91679.6773755564,"Ulls"
92.4244791666667,1260.36020611702,34.5211945937192,91949.0749426464,"Ulls"
95.6940104166667,885.066073803191,28.2267505463052,81039.2364370204,"Ulls"
93.9798177083333,1989.57761247784,44.4059055368213,76220.5048597578,"Ulls"
111.905598958333,1078.35243517287,31.6496273550666,88647.6024575897,"Ulls"
109.646484375,961.460231050532,27.4809965561317,80013.2112516599,"Ulls"
107.724609375,1257.2677720523,34.7816237607257,93860.600461648,"Ulls"
104.277994791667,1474.8845716977,37.3313838485791,104962.482065285,"Ulls"
114.272786458333,1317.43701518174,36.1084796719956,96255.4094656811,"Ulls"
126.078125,1456.3279864805,36.6918920988516,73212.1848469174,"Ulls"
167.736979166667,1762.66744237589,38.5041481764522,87413.928231775,"Ulls"
145.94921875,1164.7850731383,32.5573099839196,93382.7694001571,"Ulls"
115.349609375,2796.11426473848,51.7934497125467,103616.823105166,"Ulls"
111.7578125,1953.12790890957,43.5543431544985,107747.942672382,"Ulls"
112.576822916667,1243.73925088652,34.3816239226748,100763.656526724,"Ulls"
138.572916666667,1898.8086214539,41.8883833657162,120913.183880962,"Ulls"
145.26171875,2762.92334330674,51.9074628581433,115474.920676245,"Ulls"
137.426432291667,1681.25170378989,39.3897379394351,107552.359763771,"Ulls"
102.143880208333,1519.7909879211,38.4932383469222,108988.073456211,"Ulls"
91.8411458333333,1242.34469193262,34.9991617125857,62697.587363345,"Ulls"
91.3561197916667,826.366868905142,28.3491053160398,73320.1251434103,"Ulls"
101.09375,1574.76138630319,38.9475830494978,81945.7192623738,"Ulls"
117.669921875,1161.1818345523,32.4459656736816,95797.8666649349,"Ulls"
106.397786458333,1582.82257036791,39.2476707319322,102185.129198542,"Ulls"
136.6875,565.036070478724,22.0413244549403,80251.4068570504,"Ulls"
99.5755208333333,764.017398049646,26.7790158053925,73407.8187259054,"Ulls"
100.353515625,1477.16540613918,38.3105966561775,97393.1708237468,"Ulls"
141.376302083333,1788.12450132979,40.5912203466577,69959.1955111354,"Ulls"
137.419270833333,1411.96647828014,37.1310978874753,96284.5843837043,"Ulls"
139.1796875,1533.36056626773,38.9393527184989,92475.248014306,"Ulls"
108.493489583333,1271.03645833333,32.2387755543739,114289.854865682,"Ulls"
92.8548177083333,3118.59639572252,55.5819943606311,87984.9047309154,"Ulls"
125.518880208333,1839.01633144947,42.0417370600634,115207.919549635,"Ulls"
135.218098958333,2114.68430019947,44.7084006709964,120782.200614468,"Ulls"
134.720703125,1026.40731660018,31.4545913975942,80961.3423333835,"Ulls"
82.3079427083333,811.52616633422,27.9499456586844,72183.250896755,"Ulls"
111.934895833333,1818.98667442376,40.5061192602141,95430.9595037656,"Ulls"
126.944010416667,1267.43564383865,34.6863625740332,96358.610286855,"Ulls"
40.6438802083333,445.312236812943,20.8901697158018,50585.0690509207,"Ulls"
129.746744791667,1246.83938663564,33.7591463632371,95926.4139135642,"Ulls"
108.593098958333,1333.36229776152,36.0825411603251,93956.4573873238,"Ulls"
97.4967447916667,2868.42407746011,52.9727477784474,104371.38910896,"Ulls"
95.0221354166667,1566.75617796986,39.208533756685,113591.0764231,"Ulls"
113.281901041667,1234.9392869016,34.2907170214571,113705.485385912,"Ulls"
72.4811197916667,577.769766733156,23.7530547599199,82068.5936917563,"Ulls"
97.9830729166667,1441.5662954344,35.3413794539043,103254.555940198,"Ulls"
144.488932291667,827.590661015071,27.2171867646356,73601.6412823846,"Ulls"
166.987630208333,1237.61808787677,30.4571603708304,81252.6170054159,"Ulls"
122.888671875,1070.70275099734,31.1204848959912,91191.7531669283,"Ulls"
108.917317708333,957.382577016844,30.5939754909156,92989.9052590713,"Ulls"
129.550130208333,1496.60769891401,37.6491809156224,111127.985993144,"Ulls"
101.244791666667,1468.5349623227,34.1632278008912,81325.8666419161,"Ulls"
95.787109375,1005.79312112145,30.9928201746425,85982.0950105748,"Ulls"
87.5983072916667,1311.20967697252,35.751907282566,105843.742208031,"Ulls"
111.2421875,1530.65968528369,37.6410195529165,92617.2962091378,"Ulls"
83.9140625,756.648188164894,26.785869337562,67483.9754038445,"Ulls"
40.16015625,412.889267508865,18.9131365182772,76318.1808936573,"Ulls"
145.699869791667,1651.22394448138,38.4783282469179,96427.5097906371,"Ulls"
60.900390625,580.413549977837,23.6600609346467,60064.8135750298,"Ulls"
132.97265625,892.085688164893,28.3260494893189,83312.1758022053,"Ulls"
124.311197916667,1481.88635859929,37.3933921968613,87393.1490684748,"Ulls"
141.642578125,1274.40282856826,32.3044670464466,85325.1135950809,"Ulls"
155.375651041667,1313.29810782358,34.8146455109541,89847.8816663305,"Ulls"
94.3209635416667,2906.34279421543,53.6123931393301,84544.8455423719,"Ulls"
118.611328125,1050.54783078457,31.9590873365079,89434.7451014655,"Ulls"
145.074869791667,970.872132646277,29.7635077596433,92645.6715853842,"Ulls"
89.6790364583333,704.958818151596,26.4939237806363,66489.5932831253,"Ulls"
121.006510416667,1574.09726839539,39.4008253077115,109944.399686576,"Ulls"
77.50390625,524.238392065603,22.4741988057345,63140.9363864245,"Ulls"
81.6705729166667,890.195201684397,29.6647771600119,86120.1675330936,"Ulls"
107.853515625,992.540655474291,30.8412967165537,86230.2815275623,"Ulls"
125.669921875,594.318303967199,23.4414262691022,74190.9509575134,"Ulls"
146.696614583333,1710.8984929078,38.9729202438699,95139.4681098289,"Ulls"
86.2005208333333,940.225731382979,30.5159928034462,98968.888410966,"Ulls"
120.594401041667,1293.76159408245,34.4119408388636,97054.9185305111,"Ulls"
113.177083333333,896.23085660461,29.1434158255331,87310.971473898,"Ulls"
82.923828125,885.320049312943,29.2966009486259,80665.5041719504,"Ulls"
104.190755208333,696.699537344858,25.6917463058396,84551.7951855938,"Ulls"
158.012369791667,1740.59326518174,39.0559967176754,99792.648767101,"Ulls"
157.108072916667,985.244708554964,29.703501977631,98476.8779070484,"Ulls"
92.1712239583333,1600.9552720523,39.6953164690606,94077.220498599,"Ulls"
162.201171875,1078.94374722961,29.281043995465,73624.0692319852,"Ulls"
86.513671875,943.707765403369,28.7279192232414,86853.7782666238,"Ulls"
134.326822916667,2297.07964871454,47.6223777670267,111958.403251082,"Ulls"
104.5,1238.11092641844,34.9668216269383,91348.9518549395,"Ulls"
165.399739583333,1030.53299534574,28.6040588410592,83435.8766447575,"Ulls"
118.324869791667,1108.3299950133,31.1386054283925,91961.2626524221,"Ulls"
90.623046875,508.837752105496,19.9163893044873,48795.7688605548,"Ulls"
104.319010416667,1326.26221742021,34.6578935745432,97737.8641239066,"Ulls"
61.8125,626.539284131206,24.850540906853,64105.4347460671,"Ulls"
120.990234375,1672.79830175089,39.7759427631514,99492.9462145765,"Ulls"
139.866536458333,1707.37573415337,39.098074385659,115611.599777458,"Ulls"
75.4869791666667,595.443622562057,23.9211246475493,58889.1260221308,"Ulls"
132.742838541667,1010.99466699911,29.5997019609551,86440.8193063192,"Ulls"
112.505859375,1739.07755707004,41.3581492081032,96145.9530442921,"Ulls"
96.92578125,570.858765514184,23.475158967379,82278.3870984266,"Ulls"
132.380208333333,1060.39732934397,31.8007104567768,99002.1566324734,"Ulls"
84.3248697916667,2103.87861535904,45.7972667975556,102755.605099704,"Ulls"
93.8268229166667,854.617353723404,27.6334008601673,75834.9375706582,"Ulls"
169.722005208333,1598.51300698138,38.7540332042414,117624.462729392,"Ulls"
125.623697916667,1057.41608488475,31.3713250509297,102474.1811629,"Ulls"
140.15234375,2302.04889738475,47.7251608802296,82357.7843887279,"Ulls"
136.104166666667,1524.2070866578,38.2158727946644,97238.070993924,"Ulls"
135.138020833333,1072.40170656028,31.7072244683661,104041.969172782,"Ulls"
57.7239583333333,1675.86419547872,38.1143240064,87094.6555825041,"No-Ulls"
62.7766927083333,3113.29907746011,55.7428551126572,58326.0764167525,"No-Ulls"
35.3990885416667,394.160474844858,19.2536286996986,20236.5233796169,"No-Ulls"
171.768880208333,372.291874445922,18.9788152542293,30267.4622496606,"No-Ulls"
74.1028645833333,558.320894281915,23.3205730031101,45118.8892071621,"No-Ulls"
36.5716145833333,85.9419880319149,8.79837731162792,15190.938682211,"No-Ulls"
105.98828125,1331.00191156915,36.1197786710082,31436.3597078318,"No-Ulls"
168.770182291667,928.052291112588,30.4610159540784,22164.8631928112,"No-Ulls"
29.4700520833333,1225.34917996454,26.3993841986362,142603.130670806,"No-Ulls"
22.5904947916667,1984.72300254876,38.5297800629246,42220.0532010702,"No-Ulls"
88.3684895833333,2181.15192819149,45.9594532706137,155525.343734666,"No-Ulls"
54.0286458333333,1203.63527814716,27.5025721982724,90271.7716062216,"No-Ulls"
170.108072916667,1016.30632203014,30.6058836770767,112876.964048942,"No-Ulls"
149.505208333333,1379.56177969858,36.3120205842211,42467.4668535216,"No-Ulls"
57.53515625,310.769558953901,17.3606511156582,29221.9788411413,"No-Ulls"
61.18359375,898.33904033688,29.8371795689425,25033.0451931816,"No-Ulls"
145.5,493.282552083333,21.1869261529163,82240.1873622159,"No-Ulls"
71.7610677083333,2662.75910073138,50.9831175992654,127837.592860624,"No-Ulls"
100.244140625,698.052956006206,18.1328130514205,112612.805026109,"No-Ulls"
88.34765625,333.750443262412,17.6134568533167,42774.9650032507,"No-Ulls"
108.14453125,6586.01396276596,72.8793362180815,201998.798654251,"No-Ulls"
83.66015625,813.962627437943,24.8131830202369,63452.625466345,"No-Ulls"
171.143880208333,597.784255873227,24.360170693419,58240.860228323,"No-Ulls"
112.420572916667,310.437167553191,16.8584961320046,71082.7571017266,"No-Ulls"
68.9108072916667,1634.4552720523,33.1032183106211,87410.0147923453,"No-Ulls"
123.830729166667,553.981715425532,21.0625776511432,97569.4272504275,"No-Ulls"
140.154947916667,1233.32626883865,34.1041551986231,84199.7066203006,"No-Ulls"
168.225260416667,1172.18849734043,33.197955106331,125866.426786502,"No-Ulls"
156.932291666667,1509.36203457447,37.6146390397912,168383.452420497,"No-Ulls"
110.248046875,2361.37540170656,48.2995448804464,169790.683615286,"No-Ulls"
155.005208333333,2650.05341312057,51.1646447109707,31680.1552593954,"No-Ulls"
105.48828125,3777.96312610816,54.7006976069976,156268.691947459,"No-Ulls"
152.015625,3657.20373448582,57.9503195599561,146455.26962117,"No-Ulls"
29.4498697916667,360.035807291667,17.6068171100213,53210.181803585,"No-Ulls"
103.306640625,1608.89072196365,39.2733198814249,161585.57812458,"No-Ulls"
35.8138020833333,657.500997340425,21.1446439946149,29070.7747188225,"No-Ulls"
106.4609375,1078.23298980496,31.565990993137,214311.815172218,"No-Ulls"
111.241536458333,147.303870234929,12.1333581075526,10812.1281852319,"No-Ulls"
164.214192708333,1901.28999058067,39.9790998587299,233294.191303694,"No-Ulls"
75.6673177083333,1772.85958277926,41.8596711299339,99171.3182615557,"No-Ulls"
100.475260416667,1080.75346298759,31.4961367223498,201535.053246222,"No-Ulls"
159.755859375,7882.29672262855,86.7451990616287,161330.506577344,"No-Ulls"
152.545572916667,421.881177969858,18.2489362332435,74884.7737494636,"No-Ulls"
149.192708333333,3769.91159685284,61.162271105761,149880.402332032,"No-Ulls"
172.34375,2750.71941489362,52.3488379099371,111780.185335498,"No-Ulls"
130.575520833333,3648.20362367021,60.2356571300008,58839.2754238117,"No-Ulls"
108.253255208333,1224.75832502216,34.8824601495585,97333.1924598266,"No-Ulls"
141.436197916667,2487.20442708333,47.5386954787242,201781.520245012,"No-Ulls"
122.7265625,3014.77401928192,52.3612489621032,184950.39327334,"No-Ulls"
81.482421875,2286.25112200798,45.8693511598566,190631.788613083,"No-Ulls"
89.9615885416667,3155.04237311613,54.8610379281126,167733.69657132,"No-Ulls"
141.990234375,499.577086103723,22.2288911093588,126460.716209075,"No-Ulls"
109.651692708333,4271.99879488032,57.2567478988253,121618.966565689,"No-Ulls"
75.255859375,615.480842752659,24.1635293145146,118048.791827629,"No-Ulls"
81.4342447916667,1897.05805352394,41.3815961260089,196101.666018564,"No-Ulls"
126.369140625,593.849914117908,24.1426983090412,92535.4820932207,"No-Ulls"
141.587890625,1134.81392675089,33.2775778542578,130711.228839939,"No-Ulls"
97.3092447916667,3275.68050476507,56.7032261957813,188243.374467048,"No-Ulls"
165.884765625,3288.01464151153,54.428866172175,130063.906011374,"No-Ulls"
101.983072916667,3563.20528590426,58.6778785251421,210409.475007519,"No-Ulls"
125.951822916667,2437.62425199468,49.2023541790587,71156.6987705939,"No-Ulls"
81.6516927083333,2499.06165503103,48.1823802941012,225355.953872403,"No-Ulls"
38.2122395833333,97.2514960106383,9.54193569787198,31949.0963037364,"No-Ulls"
85.1725260416667,1433.86387688387,36.408442436949,158178.416170609,"No-Ulls"
89.7864583333333,1118.60840536347,32.1526133045617,139467.887277542,"No-Ulls"
208.9296875,2035.25177304965,42.665727925609,69540.5250211853,"No-Ulls"
133.294921875,4667.5918245789,67.1999772674388,202846.224625992,"No-Ulls"
90.2200520833333,804.096326462766,26.6673128031827,109591.551769893,"No-Ulls"
136.493489583333,2991.17317708333,53.2902555182904,142751.938751406,"No-Ulls"
136.838541666667,2637.47972074468,51.2843571093656,84121.2931291541,"No-Ulls"
142.903645833333,2973.32585328014,51.3276898984232,182666.641194935,"No-Ulls"
157.589192708333,1120.14803579344,33.413659782395,70999.9586645525,"No-Ulls"
104.305338541667,439.231895500887,20.0401211986582,101138.735876774,"No-Ulls"
159.548177083333,1864.95168439716,40.8185226490298,117745.521024633,"No-Ulls"
150.4453125,4250.83754432624,64.8388958037902,258165.446567331,"No-Ulls"
152.555989583333,3295.81673869681,53.0008937625516,247444.248996992,"No-Ulls"
66.4752604166667,1094.3984652039,31.0974924295505,62613.2927506663,"No-Ulls"
183.889322916667,3153.43539450355,56.0604298147785,90165.6179174507,"No-Ulls"
74.517578125,1095.04029532358,32.9652311688372,29543.2211868895,"No-Ulls"
143.624348958333,1912.82376163564,39.7426780594478,73433.6890887644,"No-Ulls"
72.0403645833333,2617.80695921986,51.0054179595502,99171.3356655714,"No-Ulls"
118.001302083333,4586.33444148936,66.7477251974158,104519.787437376,"No-Ulls"
170.819010416667,388.38946143617,12.6369059041872,47980.9037238162,"No-Ulls"
193.041015625,1068.33029975621,30.6535872450795,137195.038302613,"No-Ulls"
145.999348958333,2562.03769115692,49.7539268549448,72054.3409946162,"No-Ulls"
127.381510416667,6104.59507978724,77.5315808187224,121650.154591314,"No-Ulls"
90.4251302083333,4386.84284962323,62.7138974396944,164626.38122243,"No-Ulls"
118.440755208333,1048.47931903812,31.8529694556009,109237.352738961,"No-Ulls"
58.7623697916667,807.648285128546,27.8888636674761,57837.0394637052,"No-Ulls"
203.759114583333,647.744791666667,23.7924872881183,69384.5209459827,"No-Ulls"
68.9733072916667,2318.31312333777,44.8140896653174,181072.856877172,"No-Ulls"
132.025390625,1796.45150432181,39.3584972358054,113527.469186408,"No-Ulls"
195.072916666667,1224.50512522163,29.6766658306636,142475.762607028,"No-Ulls"
134.30078125,2659.99681405142,47.7300121813142,137888.776241079,"No-Ulls"
52.958984375,371.019655917553,17.5621203443819,70551.4102471963,"No-Ulls"
143.824869791667,3628.20859652039,60.1465840497153,73009.2164505919,"No-Ulls"
92.0364583333333,1390.3084275266,36.5541224337839,145527.226604896,"No-Ulls"
48.7467447916667,1150.93834496897,32.5203005076489,83971.9985626588,"No-Ulls"
167.811848958333,1098.71316766401,30.8297836607775,72609.0899722125,"No-Ulls"
109.914713541667,1027.30409186613,31.8870254818002,132215.410711644,"No-Ulls"
64.435546875,265.758241910461,15.9983483704642,79407.6109344866,"No-Ulls"
204.222005208333,598.095869348404,19.1658221340271,99002.8084558817,"No-Ulls"
129.213541666667,2111.30803967199,45.1399619432237,144454.291277526,"No-Ulls"
116.455729166667,2859.81028368794,52.3849953697876,231131.183854572,"No-Ulls"
154.298828125,868.990788453014,28.5799203803214,102228.977417052,"No-Ulls"
168.259114583333,259.981770833333,13.1563802420505,65868.8548309232,"No-Ulls"
127.977864583333,3236.0744126773,54.8488872291739,187059.843836697,"No-Ulls"
152.555989583333,1864.10593971631,38.9881365699945,137856.612280988,"No-Ulls"
59.1302083333333,523.036015070922,12.8116443425124,169831.898582836,"No-Ulls"
177.10546875,405.981964760638,17.9298050223116,40916.6759095149,"No-Ulls"
212.740234375,1461.82038175975,34.5316848157105,152849.049512922,"No-Ulls"
109.16796875,1543.11175753546,36.8862790969487,156229.791483333,"No-Ulls"
120.135416666667,1441.09715757979,33.9772897436084,160552.994126332,"No-Ulls"
120.963541666667,47.0364583333333,6.81201128537863,18691.0603270493,"No-Ulls"
92.6393229166667,1120.3788785461,33.0674984789892,109529.078604318,"No-Ulls"
101.399088541667,1971.03849457004,42.4116674743121,210753.28370185,"No-Ulls"
126.253255208333,1125.28231660018,32.7421563802546,137657.357611996,"No-Ulls"
91.0123697916667,2109.18396775266,45.365628338942,161285.838182553,"No-Ulls"
147.80078125,1906.89572251773,43.5923307735893,133818.480471877,"No-Ulls"
107.956380208333,939.696600731383,30.4266868431331,70852.4394026692,"No-Ulls"
122.13671875,2765.56535350177,52.3880145861414,97669.6298360435,"No-Ulls"
51.7845052083333,792.439397717199,25.1694519378869,136221.652655957,"No-Ulls"
75.0286458333333,865.499085771277,28.6068147035757,94097.6525823008,"No-Ulls"
130.659505208333,2375.4044908023,48.4265746921315,126494.677883826,"No-Ulls"
101.701171875,1901.99566433954,42.4654552215229,178869.277326757,"No-Ulls"
135.087890625,1286.25566544769,35.6576177585638,130101.623219327,"No-Ulls"
73.783203125,790.645237699468,27.691194931873,137690.441191752,"No-Ulls"
103.568359375,3597.05943871897,55.2974323380192,232181.329567137,"No-Ulls"
152.861328125,2176.72776761968,45.6237002902176,119112.760749925,"No-Ulls"
97.4361979166667,3852.4960383422,57.8906547448943,113538.830239545,"No-Ulls"
197.162109375,1047.86074634309,32.1804993762069,118022.120167553,"No-Ulls"
92.1028645833333,1732.50218860816,38.6723393532555,121706.695312759,"No-Ulls"
104.946614583333,918.801473847518,29.0940970593995,169824.748672759,"No-Ulls"
114.465494791667,534.503753878546,22.7536825867046,106546.297759905,"No-Ulls"
91.9934895833333,1738.26321476064,40.0786141490417,199307.315165071,"No-Ulls"
176.473958333333,536.14649822695,18.6790209143751,100252.537916428,"No-Ulls"
71.859375,2373.48351617908,48.1396512859352,246545.930392282,"No-Ulls"
120.926432291667,495.938067929965,21.9748861887974,72615.6081676015,"No-Ulls"
110.040364583333,1988.15843860816,44.1625438758542,155689.903530331,"No-Ulls"
117.007161458333,3237.6152066711,56.70721002445,85744.8735586245,"No-Ulls"
128.350911458333,2900.04212378103,53.4541196043153,103841.714141973,"No-Ulls"
167.970052083333,4318.82227947695,65.1991444950388,174003.345813878,"No-Ulls"
84.5651041666667,1030.47016289894,31.566231901866,109754.791291086,"No-Ulls"
34.556640625,332.636261635638,15.93993916991,84167.5620187422,"No-Ulls"
113.069010416667,4432.49271387411,62.9051934386585,242981.371559372,"No-Ulls"
91.8704427083333,1549.90271775266,33.0056412343073,176041.783886804,"No-Ulls"
151.068359375,4909.39701074911,69.3538522351478,134922.604697071,"No-Ulls"
120.635416666667,1485.73174312943,37.8410289375724,173851.479325602,"No-Ulls"
69.7610677083333,1093.06949523493,32.0235951025519,155691.931836684,"No-Ulls"
85.0494791666667,313.151097074468,17.4045920500304,103047.975550126,"No-Ulls"
88.2838541666667,2050.4882258422,44.2669356592756,134546.620134146,"No-Ulls"
59.7252604166667,787.455507535461,27.6464543515109,122268.815535432,"No-Ulls"
118.717447916667,2607.39904698582,44.1506183676306,189040.328108408,"No-Ulls"
122.552734375,996.909449800532,27.8426722681049,114284.897150011,"No-Ulls"
163.721354166667,1769.30266511525,37.651529018054,73546.6731666828,"No-Ulls"
173.49609375,568.651761968085,22.3542758689415,77092.0687626017,"No-Ulls"
115.645833333333,648.012439051418,25.4378862905008,38948.8255947292,"No-Ulls"
76.7311197916667,755.171196254433,25.7940170839004,63758.941172823,"No-Ulls"
166.87890625,2082.39688608156,44.8444131747376,172880.789663412,"No-Ulls"
106.194661458333,2054.65695644947,43.2302549654422,190315.214677194,"No-Ulls"
106.140625,2390.09881981383,47.6603659548517,200612.767123127,"No-Ulls"
157.845052083333,1052.74362810284,32.1699099785974,109753.134732305,"No-Ulls"
163.568359375,1402.34057790337,35.9135132905727,53970.5894924096,"No-Ulls"
137.561197916667,2262.7462322695,43.7655037975193,126767.412019094,"No-Ulls"
81.1764322916667,1268.17296930408,35.3908534391471,128046.872015494,"No-Ulls"
49.1061197916667,1516.36578845301,34.5835300977755,159664.433585112,"No-Ulls"
113.364583333333,833.554548980496,27.8114130495146,104601.533990354,"No-Ulls"
150.337239583333,2917.21778036347,50.9983045662633,188348.430758603,"No-Ulls"
109.567708333333,1837.27875664894,37.9368809432722,145010.475554018,"No-Ulls"
72.4869791666667,1342.5469858156,35.7396584438474,141205.977094364,"No-Ulls"
56.4095052083333,3465.29395223848,57.1257546462909,225354.360021167,"No-Ulls"
62.400390625,2623.98267121011,46.978643635668,159752.778835152,"No-Ulls"
112.087890625,1984.34487200798,43.240450497248,167378.146748684,"No-Ulls"
50.4375,516.229277482269,21.328713874736,64421.5057009878,"No-Ulls"
119.399739583333,6253.71717087766,77.4864923139044,86047.4111035629,"No-Ulls"
147.938802083333,3858.20137965426,61.9296420664383,176506.942574343,"No-Ulls"
120.227864583333,1577.73166001773,36.559563272662,40560.4848925635,"No-Ulls"
147.997395833333,997.491910460993,26.1050375961918,128050.163617461,"No-Ulls"
174.796875,633.12148160461,25.1385894136163,25896.6550672569,"No-Ulls"
79.7239583333333,760.061474955674,25.4211011973861,148878.27824939,"No-Ulls"
130.303385416667,5534.50268727837,70.9817260592025,245750.108229647,"No-Ulls"
140.340494791667,2404.77295268174,48.3820745544434,165213.51111448,"No-Ulls"
95.71875,1876.78424202128,42.1227546059103,213143.530580921,"No-Ulls"
69.685546875,317.483723958333,17.6080953226295,88909.6402041055,"No-Ulls"
167.25,2181.27291112589,46.1078049755467,214433.152544863,"No-Ulls"
117.239583333333,3857.38001440603,60.0019820306978,153623.198788384,"No-Ulls"
112.026692708333,1115.09528756649,32.8603335585579,150494.279472721,"No-Ulls"
204.824869791667,1109.24757590869,29.6553834900115,116661.475416053,"No-Ulls"
181.904947916667,640.960605053192,24.7397835698674,65152.0811467635,"No-Ulls"
119.563802083333,6049.51238364362,76.9325423512185,124193.085259624,"No-Ulls"
105.921223958333,409.388533355496,16.9760427702842,140994.356099222,"No-Ulls"
105.856770833333,3415.56441156915,58.0072995755367,255368.624323035,"No-Ulls"
101.952473958333,2160.57583942819,45.6539863693971,186797.57242497,"No-Ulls"
91.0006510416667,1715.60592586436,38.6865849160734,202287.844835476,"No-Ulls"
110.229166666667,1163.57588098404,32.835764436108,179463.299543589,"No-Ulls"
123.568359375,1992.56899656472,43.5258304113379,171111.91224206,"No-Ulls"
151.986979166667,2278.74038674645,46.3229688659791,191431.23946688,"No-Ulls"
136.90234375,2151.35314162234,42.6922386927886,147728.529576936,"No-Ulls"
187.71875,3192.47498337766,43.3162772772785,128807.549416683,"No-Ulls"
122.713541666667,743.873947251773,26.7701478107373,116476.449495115,"No-Ulls"
25.9798177083333,159.226659463652,11.7814902148662,62299.1069919107,"No-Ulls"
203.7109375,1232.86486037234,29.6278938872456,183362.278818833,"No-Ulls"
100.529296875,3802.58852781472,61.6371716779339,94417.8864676537,"No-Ulls"
134.87890625,1993.4883920656,42.0998720950158,211129.181173397,"No-Ulls"
86.8046875,2290.87275598404,41.39952718208,184511.160714132,"No-Ulls"
185.167317708333,465.154878656915,20.9123279512425,45724.1253112424,"No-Ulls"
221.311848958333,450.094899711879,20.4368868152144,28687.7224556475,"No-Ulls"
224.060546875,167.944606050532,12.5968182951283,30359.9782033313,"No-Ulls"
201.501302083333,1508.49094082447,36.6264028324733,93867.5783367656,"No-Ulls"
58.3541666666667,1673.85391733156,39.9385900266774,153232.884720947,"No-Ulls"
138.387369791667,2417.80043495124,48.3852811423075,244828.929094406,"No-Ulls"
142.388020833333,2721.85294769504,51.0371618630293,115448.791144564,"No-Ulls"
63.6946614583333,1383.9978806516,36.862018918383,129408.098300828,"No-Ulls"
126.33984375,2485.17780363475,48.022229823738,205495.620224663,"No-Ulls"
98.2552083333333,6572.50180075355,81.0197425253885,82159.4461740713,"No-Ulls"
155.55078125,1066.84873670213,27.0705343977531,82596.9938450176,"No-Ulls"
155.563802083333,2656.37452903369,45.3960745360996,124080.719051492,"No-Ulls"
108.57421875,2122.2107435727,45.1650918035107,171642.261190999,"No-Ulls"
202.819010416667,1137.99149490248,29.4971488775546,100658.076823007,"No-Ulls"
102.509765625,1094.12376717642,27.4537194237605,127857.354207408,"No-Ulls"
58.76953125,2610.24135638298,50.5915636616929,156070.99455837,"No-Ulls"
110.537760416667,1993.40710882092,43.2994961038358,164714.804399411,"No-Ulls"
193.837239583333,80.106133643617,8.59423028457386,27551.5665251085,"No-Ulls"
52.1197916666667,2769.01097074468,47.6896330260075,135534.449899944,"No-Ulls"
191.794270833333,3193.84225398936,50.2900423290483,74795.8400510012,"No-Ulls"
81.6106770833333,651.563137189716,25.1519521529364,105542.658264688,"No-Ulls"
148.893229166667,1383.40347960993,34.9164902890567,82443.8095942721,"No-Ulls"
101.938802083333,446.665780141844,19.8086911481793,101815.371288823,"No-Ulls"
91.3111979166667,622.537621897163,24.5597896866065,92681.5406589389,"No-Ulls"
130.883463541667,1037.79220689273,30.3118331039326,89948.0391248361,"No-Ulls"
170.34375,668.007757092199,25.3441197573618,85055.9247690908,"No-Ulls"
172.004557291667,298.057970412234,15.8707409206111,42389.0875161606,"No-Ulls"
168.586588541667,3895.00062333777,60.8851429742017,256275.111861128,"No-Ulls"
177.533854166667,2121.06313718972,43.3150490515091,212480.294886138,"No-Ulls"
131.75,1496.70935837766,38.458961066511,138220.348685364,"No-Ulls"
94.7239583333333,3031.98082890071,49.3687440901486,163860.892168407,"No-Ulls"
131.649739583333,1280.36195146277,35.1051037932012,155867.567829,"No-Ulls"
149.786458333333,1402.48246343085,36.4646857206076,120838.883883703,"No-Ulls"
64.9993489583333,1873.61052471188,36.2767058661128,62460.4024631456,"No-Ulls"
137.068359375,4240.08534186613,63.3376082189374,215759.276409403,"No-Ulls"
45.9720052083333,1246.10667386968,34.1852766625227,82296.2868699937,"No-Ulls"
128.776692708333,1070.48915392287,32.1623099165687,172316.240044926,"No-Ulls"
167.332682291667,3586.87964040337,58.8888399908678,232000.151886217,"No-Ulls"
211.935546875,2990.90551584663,54.6362659082962,78583.0887698211,"No-Ulls"
75.4485677083333,2159.63049922429,43.2690252655433,161091.184807352,"No-Ulls"
102.009114583333,57.8550254875886,6.67505779435259,45340.408567042,"No-Ulls"
164.365234375,1355.38263242465,36.1902045350771,121580.852350251,"No-Ulls"
203.245442708333,2183.41704066933,40.941106682856,191359.152786613,"No-Ulls"
161,1518.30820589539,32.4851068890985,140727.343741957,"No-Ulls"
125.671223958333,701.805726396277,24.9302460342081,71560.8756697831,"No-Ulls"
136.806640625,3460.8107130984,57.1593629023309,227237.066344352,"No-Ulls"
46.376953125,1130.94067209663,28.1282616340282,111680.404929078,"No-Ulls"
60.1412760416667,1714.50630263741,40.9074432035557,146419.114756871,"No-Ulls"
124.3359375,4341.38344968972,65.0257697291598,198297.477904842,"No-Ulls"
197.45703125,1389.36053856383,31.803296391614,110193.117360215,"No-Ulls"
119.286458333333,6333.6837322695,77.5791665125431,95244.9896712783,"No-Ulls"
158.4375,2853.42481161347,52.8754453815852,91902.1814117589,"No-Ulls"
167.501302083333,2260.78310616135,44.6557429083768,93093.1815801459,"No-Ulls"
220.147135416667,606.171597960993,17.2933968227523,48540.7918649986,"No-Ulls"
158.546875,3747.57892841312,56.4322309609955,177841.134925807,"No-Ulls"
148.119140625,4880.07387245124,69.7614573258809,185861.738907971,"No-Ulls"
176.43359375,3165.12948803192,53.7598564386367,85587.1287227609,"No-Ulls"
83.5338541666667,4177.99473625887,63.8718426803354,162739.928500638,"No-Ulls"
121.625,1547.17157025709,37.8988755865036,190244.148575362,"No-Ulls"
89.2819010416667,990.722199135638,29.3291598192443,148078.13537687,"No-Ulls"
141.289713541667,660.874653701241,25.1677244422065,93737.3190339842,"No-Ulls"
134.684244791667,2182.69263907358,46.5375041748957,86365.4722924585,"No-Ulls"
137.924479166667,4444.36873891844,66.4091747717967,266778.152983332,"No-Ulls"
52.1217447916667,1454.35321088209,36.7344760285346,87032.6386933145,"No-Ulls"
103.927083333333,2240.70079787234,47.1612223018738,86186.5866634475,"No-Ulls"
132.532552083333,1239.62840757979,34.6445891973888,75835.1592357766,"No-Ulls"
128.940104166667,2189.04526817376,41.4151312124949,189642.03617995,"No-Ulls"
131.5625,1695.80779033688,40.6084896679362,134747.765758862,"No-Ulls"
159.917317708333,2777.89382480053,50.9974577940771,302656.217337897,"No-Ulls"
83.8235677083333,924.425989029255,28.4948182197184,146296.862848947,"No-Ulls"
184.790364583333,1825.99850398936,39.1218342584321,59974.8882063155,"No-Ulls"
137.55859375,1800.38904587766,41.5113990821371,87285.1125773214,"No-Ulls"
94.0638020833333,1345.67536569149,35.6622732649382,120781.779563356,"No-Ulls"
165.19921875,1421.6834275266,37.611971160353,67728.5389742527,"No-Ulls"
93.2194010416667,1988.46330618351,44.2068793702021,134360.148286821,"No-Ulls"
86.61328125,1621.27609707447,39.6895942023918,143858.241251401,"No-Ulls"
179.459635416667,1290.47603612589,32.754486606785,166125.74586985,"No-Ulls"
102.75,1667.48124445922,40.414560615695,158481.65403968,"No-Ulls"
63.4283854166667,2176.38079011525,46.3019987353672,273000.256096041,"No-Ulls"
68.28515625,727.048537234043,26.497840759222,113410.478666567,"No-Ulls"
148.238932291667,1307.72158964982,36.0502500474246,63995.9495643594,"No-Ulls"
57.6295572916667,1190.69937112145,30.8407584014067,37566.3885456291,"No-Ulls"
23.634765625,408.678620899823,19.825008052043,15485.0062640274,"No-Ulls"
168.540364583333,1558.56141954787,37.9865550514782,108070.986087881,"No-Ulls"
86.1490885416667,2579.38584607713,49.7153107535742,119064.407913409,"No-Ulls"
140.740885416667,6421.56460549645,78.3118449472279,94175.3493582379,"No-Ulls"
202.888671875,710.070547983156,25.8559559194816,92346.5884237587,"No-Ulls"
173.998697916667,5954.63261857269,77.0159651476742,123573.672103794,"No-Ulls"
180.25,1080.26113696809,30.5337111660703,81828.7291165081,"No-Ulls"
173.688151041667,2914.66177692819,51.3209328256722,158199.983381472,"No-Ulls"
120.138671875,4011.86886358599,62.5266160696611,57702.4994989336,"No-Ulls"
100.854817708333,395.104402149823,19.3279394068653,62857.2938517028,"No-Ulls"
134.458984375,653.962779809397,25.1568678897851,82991.3200274153,"No-Ulls"
162.824869791667,471.96837599734,20.0412442764813,107123.535763989,"No-Ulls"
112.979817708333,4084.44366411791,62.8136468944753,132775.151820758,"No-Ulls"
138.124348958333,5190.01849235372,71.9187674448784,86064.0491687486,"No-Ulls"
138.328125,5037.30244348404,69.8847271474611,144908.517468135,"No-Ulls"
164.046875,2002.91940935284,42.6070112850759,121142.531031337,"No-Ulls"
110.717447916667,1426.34912455674,37.3917234087365,70814.5589798843,"No-Ulls"
117.0859375,5708.23166001773,69.5636997421448,217446.628669543,"No-Ulls"
178.91015625,4211.85895944149,60.9129936233494,56458.7761544239,"No-Ulls"
145.455078125,2157.27298038564,44.655920930693,62962.5577935871,"No-Ulls"
93.896484375,586.303011414007,20.8739692189757,64906.1761831147,"No-Ulls"
131.352213541667,5537.19665613919,74.234777835919,83125.9363794492,"No-Ulls"
143.598307291667,1329.03769115692,34.0743061734532,99653.4990239948,"No-Ulls"
181.410807291667,1262.84913840869,27.3686081252835,105226.734795342,"No-Ulls"
75.6608072916667,2189.13761912677,45.0213729224043,145051.979273609,"No-Ulls"
63.8274739583333,484.444799977837,21.8491956325357,82063.1203085019,"No-Ulls"
155.400390625,4339.89315990691,65.3222728289758,152107.128951939,"No-Ulls"
173.127604166667,3480.51254986702,58.5259278264511,94907.8895696401,"No-Ulls"
143.283203125,1679.79265015514,40.0901351748812,100033.829495848,"No-Ulls"
72.6790364583333,814.022592531028,28.2682466766793,117466.168868456,"No-Ulls"
109.296223958333,2165.07259807181,46.3858405395318,255454.371352617,"No-Ulls"
93.74609375,1290.55673758865,35.8578644379283,99081.0672392666,"No-Ulls"
193.770833333333,1374.96129765071,36.7876716467217,49188.3116306764,"No-Ulls"
130.828776041667,2021.02419935727,43.8098773204846,165343.566842942,"No-Ulls"
125.108072916667,1839.3789616578,42.7211321861708,137219.262643139,"No-Ulls"
179.578776041667,2226.01888020833,46.5076935234632,153271.600788191,"No-Ulls"
177.317708333333,4554.15863253546,67.1193149281022,148271.135518987,"No-Ulls"
227.758463541667,1607.74776983599,27.4855048236321,37862.860236402,"No-Ulls"
164.347005208333,2934.13645556294,52.8139770294015,112928.086915165,"No-Ulls"
133.009765625,2276.52583388741,47.4755112413547,124011.66811691,"No-Ulls"
145.843098958333,3656.11243628103,60.2560814601967,69949.0364990284,"No-Ulls"
207.373046875,2355.51788286791,39.7311580252696,50778.2758102734,"No-Ulls"
161.785807291667,659.233252992021,25.3931881669107,134703.273083648,"No-Ulls"
195.516927083333,1859.72994237589,35.6932633808558,59257.8621012482,"No-Ulls"
108.12109375,1376.06078235816,36.7600695726147,104665.45133683,"No-Ulls"
111.685546875,667.465051529255,25.6211012896688,83410.3407238675,"No-Ulls"
147.507161458333,2519.74217364805,46.8996574973955,84303.2698440501,"No-Ulls"
188.54296875,1723.93874667553,38.0857507014182,106678.72548143,"No-Ulls"
162.916666666667,4645.21969193263,67.7494890045022,149367.927880812,"No-Ulls"
103.288411458333,3221.69435671543,55.0468946187978,112606.719142519,"No-Ulls"
172.673177083333,1552.75265957447,38.6317364665639,130494.762844314,"No-Ulls"
224.585286458333,514.394268062943,20.0495117919631,22148.0514406714,"No-Ulls"
106.551432291667,3736.75081726507,58.0568357685592,127079.514887017,"No-Ulls"
194.213541666667,1206.40339649823,32.5783841690839,88310.1131749169,"No-Ulls"
167.990234375,1570.19150321365,37.6201624146491,91222.5828237362,"No-Ulls"
160.241536458333,2269.37892010195,45.0994474831034,128870.605725997,"No-Ulls"
181.925130208333,2850.09093805408,40.502682109054,135119.693110293,"No-Ulls"
180.694661458333,1147.07536846188,33.5214914567477,111732.176666453,"No-Ulls"
89.501953125,966.544506316489,23.7780383838112,55528.8289917378,"No-Ulls"
219.958984375,554.388339428191,18.5482431472898,47217.0544238863,"No-Ulls"
121.460286458333,2152.11842032358,45.9165100648891,182632.41749819,"No-Ulls"
145.426432291667,3141.16717918883,55.3851395055125,130847.037284773,"No-Ulls"
147.765625,2919.04651484929,52.3622958335141,183892.2070784,"No-Ulls"
162.501302083333,561.215896498227,19.4996731168616,41097.5814206767,"No-Ulls"
139.57421875,3468.2032358156,57.4520204438938,216685.699014816,"No-Ulls"
80.5709635416667,2805.52602781472,49.0299403989558,123276.376899279,"No-Ulls"
100.859375,4083.15688718972,60.9916349472465,69710.7154080107,"No-Ulls"
96.1432291666667,2985.58640846631,53.6421728247058,122508.555976131,"No-Ulls"
104.824869791667,4808.86038619238,69.0405616548793,106482.218330082,"No-Ulls"
176.71875,4412.35497007979,64.8473223808057,70932.4011649962,"No-Ulls"
126.694661458333,2053.78026651152,44.6350763026062,122139.249070789,"No-Ulls"
186.382161458333,1219.3067514406,34.4250583194404,58510.5589190043,"No-Ulls"
150.377604166667,1112.8204510195,33.1883225780943,136449.337770468,"No-Ulls"
107.955729166667,5417.36843417553,73.428886334069,253800.322268614,"No-Ulls"
110.696614583333,1214.16508754433,34.2285218370822,98965.6206612661,"No-Ulls"
127.58984375,4130.97764295213,64.2340811645688,172040.93408551,"No-Ulls"
142.163411458333,397.006801307624,19.8416148001019,20240.5950961496,"No-Ulls"
127.095052083333,3229.5975454344,56.7513701853013,82874.7838004915,"No-Ulls"
195.240234375,4060.96618738918,63.3944906939313,102708.55359372,"No-Ulls"
205.506510416667,654.342641843972,23.9414242555023,41826.9294019258,"No-Ulls"
160.985677083333,1549.88369902482,39.1888989951331,84521.4811923833,"No-Ulls"
76.56640625,7831.09111812943,88.3830665381723,77166.972769218,"No-Ulls"
135.602213541667,1432.85947196365,37.7382829142361,45579.1682553092,"No-Ulls"
102.21484375,1195.76091533688,34.5097837656341,136461.457109849,"No-Ulls"
105.514973958333,111.211145279255,9.9082950915222,29777.6222508664,"No-Ulls"
143.154947916667,2563.2580064273,50.3129137729326,91561.5567903644,"No-Ulls"
94.2415364583333,4228.43665503103,63.933817127515,67289.4777622479,"No-Ulls"
166.305989583333,4238.52138741135,63.1641803215679,100182.641393293,"No-Ulls"
161.1640625,2507.32834663121,44.2259414308126,60705.1223643503,"No-Ulls"
90.5279947916667,3800.9745539672,61.2430799367578,121862.410223467,"No-Ulls"
146.074869791667,3545.92562887855,58.4562201045365,127133.026823913,"No-Ulls"
196.255859375,724.536943151596,26.8178223614674,42834.5540085394,"No-Ulls"
187.356119791667,323.102102726064,15.559012054435,32238.7945522672,"No-Ulls"
128.442057291667,2692.70153202571,51.6539446763704,104552.464993687,"No-Ulls"
213.531901041667,365.879446476064,18.7502285010777,25620.5356681877,"No-Ulls"
94.0403645833333,6118.14223182624,78.1110274804624,110479.039467464,"No-Ulls"
150.205729166667,1881.30291445035,41.8970805999364,76504.4467296422,"No-Ulls"
145.540364583333,2095.82056183511,44.9603719799146,149593.073967689,"No-Ulls"
155.755859375,659.391082114362,25.5737920021323,61138.6118002548,"No-Ulls"
155.075520833333,2425.01756427305,48.5981079538401,40982.4962579552,"No-Ulls"
213.542317708333,782.827058399823,26.8153743806399,128826.726429682,"No-Ulls"
167.975260416667,1576.51761968085,31.4927619504836,96647.3810706716,"No-Ulls"
174.498697916667,417.226285460993,20.2661932183137,39804.4915265505,"No-Ulls"
196.256510416667,1114.90746897163,29.6267934184259,83696.6846660906,"No-Ulls"
157.373697916667,4413.93866356383,65.5986900308747,79802.2679626597,"No-Ulls"
203.376302083333,2110.64414339539,43.9202326427979,52832.8045373148,"No-Ulls"
201.01953125,1019.33945589539,30.0687555681462,47820.3323546534,"No-Ulls"
194.0078125,1762.96509308511,40.7680497785712,118631.496334194,"No-Ulls"
228.01171875,6.17802526595745,2.0628475391662,8386.47990605475,"No-Ulls"
197.74609375,688.665253767731,21.1645236470828,60295.536214998,"No-Ulls"
214.595703125,96.5466949246454,9.46741816799586,9303.2587116068,"No-Ulls"
211.5625,114.917331560284,10.585580731421,10325.0755291441,"No-Ulls"
202.069661458333,2319.44795822252,42.5310143952532,55076.6167706201,"No-Ulls"
